{
    "val": {
        "precision": 0.9672614496734636,
        "recall": 0.9281217568977905,
        "map50": 0.9672434106132047,
        "map50_95": 0.6896293030244036
    },
    "test": {
        "precision": 0.9883247452383388,
        "recall": 0.9005732733218745,
        "map50": 0.9494243827268543,
        "map50_95": 0.6927090818166566
    }
}